argentina https t co	5799
enter https t co	4774
aires https t co	4364
buenos aires https t	4362
a https t co	2917
publicar una foto en	2476
acaba de publicar una	2476
de publicar una foto	2476
n https t co	2379
de https t co	2255
s https t co	2174
e https t co	1840
enter enter https t	1709
d https t co	1674
l https t co	1536
p https t co	1439
y https t co	1385
el https t co	1298
aires argentina https t	1290
buenos aires argentina https	1290
que https t co	1271
en https t co	1252
la https t co	1251
c https t co	1202
m https t co	1104
de buenos aires https	1040
todos los d as	1008
enter enter enter enter	992
ciudad aut noma de	989
la dictadura gorila del	953
contra la dictadura gorila	953
alegato contra la dictadura	953
dictadura gorila del presidente	953
del presidente macri y	947
todo el d a	946
macri y del gobernador	946
gorila del presidente macri	946
presidente macri y del	946
juan manuel urtubey enter	945
del gobernador juan manuel	942
y del gobernador juan	942
gobernador juan manuel urtubey	942
aut noma de buenos	940
noma de buenos aires	914
no https t co	864
en ciudad aut noma	861
alg n d a	851
q https t co	845
fe https t co	824
me voy a dormir	823
t https t co	822
es https t co	817
de la ma ana	772
es ahora una tendencia	767
ahora una tendencia en	767
santa fe https t	745
o https t co	738
qu https t co	716
as https t co	670
manuel urtubey enter el	657
lo https t co	610
la concha de tu	607
si https t co	594
bariloche https t co	587
un https t co	558
federal argentina https t	547
distrito federal argentina https	546
la concha de la	545
v https t co	544
enter lluvia hoy 0	543
se https t co	539
c rain today 0	535
lluvia hoy 0 0mm	520
co https t co	516
no puedo creer que	509
con https t co	498
rdoba argentina https t	495
c rdoba argentina https	495
me https t co	490
el d a que	489
los https t co	480
rain today 0 0	478
today 0 0 mm	478
0 0 mm humidity	478
en c rdoba argentina	475
por https t co	474
en mar del plata	454
concha de tu madre	447
concha de la lora	446
en buenos aires argentina	443
enter el https t	439
h https t co	435
urtubey enter el https	425
r https t co	405
en buenosaires enter enter	403
una tendencia en buenosaires	403
tendencia en buenosaires enter	403
buenosaires enter enter https	403
cordoba argentina https t	398
mar del plata argentina	390
