1007807233344901121	Flore1312Ramos	2018-06-16 02:09:03	@legal_legal69 Oh pero ya le dije c√≥mo pagar! https://t.co/HATEiY1FfC	Mostazal
1007807236880633857	LSalinasMatalon	2018-06-16 02:09:04	Yo tampoco... https://t.co/EcWqGaVc4N	Maip√∫
1007807265359978497	GarretEdwards	2018-06-16 02:09:10	@RJSchimenz @AtlasNetwork @FundLibertadRos Thank you, @RJSchimenz! I hope we see each other again this year!	Las Condes
1007807266576388101	NegroDeckard	2018-06-16 02:09:11	Jajajaja O sea que est√°n brutal la introducci√≥n de especies extranjeras que hay quienes creen que son aut√≥ctonas https://t.co/YkcUFcL4PQ	√ëu√±oa
1007807287170387978	nigisella	2018-06-16 02:09:16	contrario a* con el cansancio me como vocales y escribo mal.	Providencia
1007807290555105281	pichideguamundi	2018-06-16 02:09:16	Gracias Gustavo Canales por tantas alegr√≠as en @UEoficial y por tus golazos....un abrazo https://t.co/uLFwfjOKf5	San Fernando
1007807296209027072	ibaceta_nancy	2018-06-16 02:09:18	@MElenasanti1 Terrible, impotencia total.	Vitacura
1007807319533588480	Ampi_13	2018-06-16 02:09:23	@macaalvarez4 hola	Las Condes
1007807350646992897	CENTRAL132MAIPU	2018-06-16 02:09:31	22:09 en Maip√∫ 10-3 B4 Camino a Melipilla y Avenida Los Pajaritos https://t.co/MtdxsaqnmN	Maip√∫
1007807351586508801	Fram_Urrutia	2018-06-16 02:09:31	üòç‚ù§Ô∏èüáÆüá∏ https://t.co/dbAbf6AnpU	Las Condes
1007807355633971207	Rocklando_	2018-06-16 02:09:32	En ella es innato. https://t.co/cqarqNPtBo	√ëu√±oa
1007807356141531136	SitaClau2013	2018-06-16 02:09:32	Ahora en @zonalatina los bellos @natalino_ofi @WMChile Los amodoro y sigo siempre üòä @LaloManzi @hugomanzi‚Ä¶ https://t.co/JH56BY7tJH	Temuco
1007807390459232257	SebastianOnateA	2018-06-16 02:09:40	End this week of work wish you all an excellent weekend that can rest with your family and loved ones !!	Santiago
1007807390861885441	ibaceta_nancy	2018-06-16 02:09:40	@CodelcoChile @lun Salvaje!!	Vitacura
1007807403411329026	Trencentral	2018-06-16 02:09:43	@comoamigaeres Hola, el tren ya est√° en rumbo. ¬°Que tengas un buen viaje!	Las Condes
1007807422331850752	_barbarasubero	2018-06-16 02:09:48	A veces le agarro arrechera de pana	Iquique
1007807422466023424	EdoM4n07	2018-06-16 02:09:48	Brilla en el cielo‚Ä¶ https://t.co/H88J36I1rA	Antofagasta
1007807423091036160	FireEmergency	2018-06-16 02:09:48	22:09 en Maip√∫ 10-3 B4 Camino a Melipilla y Avenida Los Pajaritos https://t.co/kr2rFvzNXM	Maip√∫
1007807424273829888	LitoralVSur	2018-06-16 02:09:48	22:09 en Maip√∫ 10-3 B4 Camino a Melipilla y Avenida Los Pajaritos https://t.co/ipYWyKSXTf	Maip√∫
1007807428803661829	naiko_vidal	2018-06-16 02:09:49	22:09 en Maip√∫ 10-3 B4 Camino a Melipilla y Avenida Los Pajaritos https://t.co/qqWTDb4nzl	Maip√∫
1007807433778098178	humanoide_sss	2018-06-16 02:09:51	"@maylwino @baradit Que despreciable eres 
Mariana ""Serpiente"" Aylwin"	Valpara√≠so
1007807434751135745	urgenciaschile	2018-06-16 02:09:51	22:09 en Maip√∫ 10-3 B4 Camino a Melipilla y Avenida Los Pajaritos https://t.co/FQQiBC4OTS	Maip√∫
1007807436399480832	_JC_19	2018-06-16 02:09:51	@GuturaL_cl La peguita cumpa	La Florida
1007807440400904193	topinfochile	2018-06-16 02:09:52	22:09 en Maip√∫ 10-3 B4 Camino a Melipilla y Avenida Los Pajaritos https://t.co/GCDVuR1Pvt	Maip√∫
1007807440468037633	vperezcisternas	2018-06-16 02:09:52	Torrente largate Torrante	Vi√±a del Mar
1007807444922355717	dduartemella	2018-06-16 02:09:53	22:09 en Maip√∫ 10-3 B4 Camino a Melipilla y Avenida Los Pajaritos https://t.co/bBKWT6qbCd	Maip√∫
1007807446239326213	CNECHILE	2018-06-16 02:09:53	22:09 en Maip√∫ 10-3 B4 Camino a Melipilla y Avenida Los Pajaritos https://t.co/X3OXMOFilD	Maip√∫
1007807450215481344	andresbodoque	2018-06-16 02:09:54	""" Tiene care gay """	Providencia
1007807451352256512	AlvaroMolinaCL	2018-06-16 02:09:55	22:09 en Maip√∫ 10-3 B4 Camino a Melipilla y Avenida Los Pajaritos https://t.co/GCqS6E9PyM	Maip√∫
1007807452727926784	CE1LTK	2018-06-16 02:09:55	22:09 en Maip√∫ 10-3 B4 Camino a Melipilla y Avenida Los Pajaritos https://t.co/IyWD0ORzJm	Maip√∫
1007807459157860354	CIMATCHILE	2018-06-16 02:09:57	22:09 en Maip√∫ 10-3 B4 Camino a Melipilla y Avenida Los Pajaritos https://t.co/ddjDiqgdGw	Maip√∫
1007807460340633600	bombapucara	2018-06-16 02:09:57	22:09 en Maip√∫ 10-3 B4 Camino a Melipilla y Avenida Los Pajaritos https://t.co/q7x6i8zm56	Maip√∫
1007807462819422209	Grummanoide	2018-06-16 02:09:57	22:09 en Maip√∫ 10-3 B4 Camino a Melipilla y Avenida Los Pajaritos https://t.co/sN4zo7UOkR	Maip√∫
1007807464044187648	radiounidafm	2018-06-16 02:09:58	22:09 en Maip√∫ 10-3 B4 Camino a Melipilla y Avenida Los Pajaritos https://t.co/U9wB3RPkB3	Maip√∫
1007807465378009090	aniluapcp	2018-06-16 02:09:58	¬øQu√© te parece? https://t.co/JBFmEeEsMU	Providencia
1007807465524748288	josesandovalcbq	2018-06-16 02:09:58	22:09 en Maip√∫ 10-3 B4 Camino a Melipilla y Avenida Los Pajaritos https://t.co/kScvvGYyD0	Maip√∫
1007807467571613703	Radio_Emergenci	2018-06-16 02:09:59	22:09 en Maip√∫ 10-3 B4 Camino a Melipilla y Avenida Los Pajaritos https://t.co/92B31ruXS5	Maip√∫
1007807472973897733	fdo2000	2018-06-16 02:10:00	22:09 en Maip√∫ 10-3 B4 Camino a Melipilla y Avenida Los Pajaritos https://t.co/QyAWlm0DEx	Maip√∫
1007807474093748224	daro_396	2018-06-16 02:10:00	No quiero comer solo	Paine
1007807479634374656	RVC_V_COSTA	2018-06-16 02:10:01	22:09 en Maip√∫ 10-3 B4 Camino a Melipilla y Avenida Los Pajaritos https://t.co/lDx9dSW49i	Maip√∫
1007807482360750080	carrosdebombero	2018-06-16 02:10:02	22:09 en Maip√∫ 10-3 B4 Camino a Melipilla y Avenida Los Pajaritos https://t.co/TjflZ1bSMR	Maip√∫
1007807485934231552	PilarRiedemann	2018-06-16 02:10:03	Soy requetemina y esta noche me dare el gusto de ver box en @canal13 ,mi opapa me llevaba a escondidas a gloriosas‚Ä¶ https://t.co/uQxpcHxHmt	Puerto Varas
1007807487276453890	BombaCerrillos	2018-06-16 02:10:03	22:09 en Maip√∫ 10-3 B4 Camino a Melipilla y Avenida Los Pajaritos https://t.co/48tSEdoPOF	Maip√∫
1007807484743077889	DEEJAY_BOMBER	2018-06-16 02:10:03	22:09 en Maip√∫ 10-3 B4 Camino a Melipilla y Avenida Los Pajaritos https://t.co/jreZCebl9a	Maip√∫
1007807489428123648	EmergenciaRCHE	2018-06-16 02:10:04	22:09 en Maip√∫ 10-3 B4 Camino a Melipilla y Avenida Los Pajaritos https://t.co/GmTMmuz67o	Maip√∫
1007807495883116548	PedroS_RRPP	2018-06-16 02:10:05	Csm que aburrido estoy	Santiago
1007807503344852992	rob_esponja_	2018-06-16 02:10:07	Se descarga tan r√°pido mi celular u.u	Valpara√≠so
1007807484743077889	DEEJAY_BOMBER	2018-06-16 02:10:03	22:09 en Maip√∫ 10-3 B4 Camino a Melipilla y Avenida Los Pajaritos https://t.co/jreZCebl9a	Maip√∫
1007807514837180416	nigisella	2018-06-16 02:10:10	@leguleeella me voy a varar a ver ahora aaaah	Providencia
1007807515919376386	Rorrock_01	2018-06-16 02:10:10	Acabamos de hacer un salud x nuestro compa√±ero a un mes de su accidente, fuerte recuerdo!	Providencia
1007807518066839552	IgnacioMeza_	2018-06-16 02:10:11	@_Caro_Quinza Jajajaja as√≠ parece üòÇ	Talca
1007807532642037760	eugenio_bo	2018-06-16 02:10:14	@latercera Enfermos del psiqui√°trico libres en Santiago de Chile,quieren cambiar la forma de escritura espa√±ola.	Osorno
1007807535007633409	Red_Com_Emerg	2018-06-16 02:10:15	Calidad aire #Talcahuano https://t.co/so3h1QB22n	Tom√©
1007807541018013696	juanpasteng	2018-06-16 02:10:16	@DonDateador ¬° Welcome Lady...! ü§£	Santiago
1007807548198711296	Ximena94867970	2018-06-16 02:10:18	https://t.co/ds3oaw7p6e	Villa Alemana
1007807554473349120	Ampi_13	2018-06-16 02:10:19	@terezana95 buena tere que bueno que no cerraste twitter!. me gusta tu cuenta aunque a veces me deji hablando solo üôÑ	Las Condes
1007807575843393536	_barbarasubero	2018-06-16 02:10:24	Maldita sea con alguien que responde indiferente	Iquique
1007807614091190272	CathyLeon	2018-06-16 02:10:34	@cejfal @TurkiAntof Winter is coming!	Antofagasta
1007807634739793921	380d14	2018-06-16 02:10:38	Holi (@ Terminal de Buses Collao in Concepci√≥n, Regi√≥n del Biob√≠o) https://t.co/XrAdwfbxiN	Concepci√≥n
1007807636471857152	palta_diego	2018-06-16 02:10:39	Saliendo! üòäüòÅ en‚Ä¶ https://t.co/YaFPTDZ9kC	Santiago
1007807642557997056	Ampi_13	2018-06-16 02:10:40	@fran_moraleda que paaaaaja fran	Las Condes
1007807666817622017	marzo_05	2018-06-16 02:10:46	Noche fr√≠a de mojitos ü§£ https://t.co/MxcKGiOksB	Valpara√≠so
1007807668944343041	FranSolar	2018-06-16 02:10:47	@vale_ortega Buuu No worries ‚ù§Ô∏è	Providencia
1007807682026393601	Ampi_13	2018-06-16 02:10:50	@blogueviando jaja	Las Condes
1007807688108060680	pmura77	2018-06-16 02:10:51	@GolazoUCV Solo queda apoyar y rescatar lo positivo #VamosEverton  @RobertCarrascoG	Las Condes
1007807699575365632	SiempreYiya	2018-06-16 02:10:54	Jajaajaajajaja! Porque a m√≠ no me resulta?? üòÇüòÇüòÇüòÇüòÇü§£ü§îü§î https://t.co/F5UlltPsKY	Huechuraba
1007807699806048256	ixNN	2018-06-16 02:10:54	Para mi es v√°lido el del partido ‚òùÔ∏è https://t.co/N1OpW3GWYs	Santiago
1007807714267926528	Reinaldeitor	2018-06-16 02:10:57	Vamos x un Nuevo‚Ä¶ https://t.co/MBz5knUVk1	Puente Alto
1007807717031981061	Nilton_Araya	2018-06-16 02:10:58	Felicitaciones!!! @HidalgoErwin emocionante final.	Copiap√≥
1007807734190956544	PatagonaPazAmor	2018-06-16 02:11:02	@huachacomunista Para eso Tequila ... Por qu√© te duele la espaaaaaldaaa llioroooonaaaa te dueleeee laaa espaldaaaa‚Ä¶ https://t.co/EuPHV0CtmB	Punta Arenas
1007807737001070592	Lia_livex	2018-06-16 02:11:03	Semana enfermita pero de le hizo empe√±o a‚Ä¶ https://t.co/j0q9zHkzgt	Quilicura
1007807734153142277	MarceStrawberr	2018-06-16 02:11:02	Y si me estoy dando mucho color pa meterme al gym? ü§î	R√≠o Negro
1007807766671568897	andresbodoque	2018-06-16 02:11:10	""" Oye, pusiste foto en wsp""
Obvio que no lo hab√≠a agregado a contactos üòÇ"	Providencia
1007807767242072065	berliot	2018-06-16 02:11:10	Acabo de ver Editorial: El machismo en Casablanca - Haga clic ver tambi√©n ‚òõ  https://t.co/dcyySs813x @ForoChile‚Ä¶ https://t.co/rSuGsQ3gyC	Vi√±a del Mar
1007807734153142277	MarceStrawberr	2018-06-16 02:11:02	Y si me estoy dando mucho color pa meterme al gym? ü§î	R√≠o Negro
1007807768219324416	ibaceta_nancy	2018-06-16 02:11:10	@PacitaPulgar No me queda claro, si por robar el celular, o meterte a Tinder o darle los likeü§™	Vitacura
1007807773315354625	mvgonzalezc	2018-06-16 02:11:11	Nunca he entendido esa capacidad de las mujeres para hablar tanto por telefono‚Ä¶ osea yo 5 minutos y ya estoy estresada.	Hualp√©n
1007807774296768514	FranSolar	2018-06-16 02:11:12	@monrealop @MFerrada Muchas gracias!	Providencia
1007807787710189568	leocespedesm	2018-06-16 02:11:15	"Ma√±ana Sabado 16 Junio 21 hrs.
Cata whisky en‚Ä¶ https://t.co/8xjreFh6bp"	Vi√±a del Mar
1007807800360210432	PaoFerroggiaro	2018-06-16 02:11:18	@_jwe üòç	La Reina
1007807814989942785	omarseguel58	2018-06-16 02:11:21	@RodrigoFortino @euge2145 C√≥mo si √©l fuera el mejor ejemplo de honestidad, otro zurdo castrado mental y resentido s‚Ä¶ https://t.co/eCmIbYggqd	Chill√°n
1007807832832577536	aracelyparedes	2018-06-16 02:11:26	Grande Choropezüéâüéâ @FelipeAvello https://t.co/fXVZk9UjOp	Concepci√≥n
1007807843074895872	PCortesC	2018-06-16 02:11:28	La raja!!! mil‚Ä¶ https://t.co/T3DuPkdLE1	Antofagasta
1007807844572426241	Freddyohlo	2018-06-16 02:11:28	Dije que este a√±o iba a leer un libro mensual, estando a mitad de a√±o este es el N¬∞12, el mundo de la literatura es‚Ä¶ https://t.co/hFByDxVyZe	Cerrillos
1007807852084330497	hnarbona	2018-06-16 02:11:30	@forovalposible Comisi√≥n de Miner√≠a discute proyectos de ley para avanzar en nacionalizaci√≥n del litio https://t.co/Py76G1Clgk v√≠a @biobio	Valpara√≠so
1007807851543265280	cguerrerogalvez	2018-06-16 02:11:30	"@mjossandon @JosefinGarciah Ahora preg√∫ntenle al juez si el alunizaje hay q escribirlo con ""x"" o con ""e"""	San Miguel
1007807886058246144	vigove	2018-06-16 02:11:38	Arenito crack, grande @COBRESAL ctm	San Bernardo
1007807889719914503	G_IsaCamus	2018-06-16 02:11:39	@Mirnaz_Sa ü§¶	Macul
1007807895633846272	____elizabetha	2018-06-16 02:11:41	Cachai que he usado mi Twitter para puro reclamar. ¬øEn qu√© momento me convert√≠ en una vieja amargada? Quiz√°s siempre lo fu√≠.	Vi√±a del Mar
1007807897068240901	CakoLopez	2018-06-16 02:11:41	@alb0black Lastima que toda historia sea reemplazable por papel moneda	Puente Alto
1007807901803646977	jessica21012612	2018-06-16 02:11:42	@serfraor por que tonter√≠as ,tienes mal humor ?????	Concepci√≥n
1007807902982254592	Rocklando_	2018-06-16 02:11:42	@popelinna Bonita terapia #Wena	√ëu√±oa
1007807906807508993	fernandinho_gb	2018-06-16 02:11:43	@NaMuriel_PR Sii muy bueno el partido	Quillota
1007807906971086850	reinaandrea73	2018-06-16 02:11:43	@Luis_Aburto_B @Pontifex_es @IglesiaSinAbuso @Iglesiastgo @m_partarrieu @indep_Chile @SanJuan_Osorno @JaimeConcha10‚Ä¶ https://t.co/L19LK4vA8l	Santiago
1007807926147350528	_JC_19	2018-06-16 02:11:48	1 piscola	La Florida
1007807929125359616	LuchitoOvalle	2018-06-16 02:11:49	@Henrymarcelogr A pero no sea una cuenta de memes porque el wn no alega ni una wea y esta RT RT RT RT RT	Puerto Montt
1007807929301524481	Ozkarkonk	2018-06-16 02:11:49	Vali√≥ la pena venir a clases extras ü§ìü§ì‚Ä¶ https://t.co/Rl1kyihSlY	Santiago
1007807942580736000	PilarRiedemann	2018-06-16 02:11:52	@DetectaPerrito @AnonymusChileno Hay que nacionalizar el litio y darselo a este tipo de ciudadanos üíÄ	Puerto Varas
1007807947798401025	joelsinjota	2018-06-16 02:11:53	@CamilaGorigoiti Por que comes animales muertos po wn, yo no	San Ram√≥n
1007807949031591936	FJFP981	2018-06-16 02:11:53	Se informa de personas atrapadas en ascensor en Mall del centro. #Emergencia #SantiagoCentro https://t.co/fLhn4Pk0w0	Providencia
1007807957193674752	pmura77	2018-06-16 02:11:55	@pavlofarias Bajisimos tambien.. a salvarnos de los potreros, esa es la misi√≥n..	Las Condes
1007807959357906946	CLAUDIOGOISEL	2018-06-16 02:11:56	@evoespueblo viajando en jet privado plurinacional hacia horribles destinos capitalistas donde solo se adora al din‚Ä¶ https://t.co/9BWGRhKAyB	Chill√°n
1007807970095325184	andresbodoque	2018-06-16 02:11:58	Especial Malice Mizer en illu	Providencia
1007807981235441665	ribago	2018-06-16 02:12:01	@sebastianpinera Oye @sebastianpinera te recuerdo que todo lo que hoy inauguraste, fue proyectado, planificado y co‚Ä¶ https://t.co/yoGMlMnYNI	La Ligua
1007808004308328448	livia_zimermann	2018-06-16 02:12:07	fiquei puta nessa merda tamb√©m	Santiago
1007808010020900865	LucianoR02	2018-06-16 02:12:08	Qu√© tan we√≥n hay que ser para tratar de campe√≥n a un cabro chico explotado por ser pobre? https://t.co/LPTHAhriqW	Talca
1007808010536792064	cazajaba	2018-06-16 02:12:08	S√≠guela en YouTube, es seca!!!!! https://t.co/0yFVWe6nP0	Chill√°n
1007808018556342272	vperezcisternas	2018-06-16 02:12:10	Torrente el brazo tonto de la le....del futbol ni un brillo	Vi√±a del Mar
1007808020565327875	MatiasCepedaH	2018-06-16 02:12:10	@presidencia_cl @sebastianpinera @andreschadwickp @Carabdechile @GobiernodeChile @ceciperez1 @min_interior‚Ä¶ https://t.co/1ekj5nG7PN	La Florida
1007808032494051330	launica_ro	2018-06-16 02:12:13	@MocosoInsolente Yo recuerdo a un ozzi q tuviste aqu√≠ en Santiago hace varios a√±os	La Florida
1007808039620096000	NeneAbt	2018-06-16 02:12:15	@alairelibrecl @TPRIETORADIO Yo creo que la culpa de los jugadores!!!!!	Las Condes
1007808041566130176	RinconOroYCielo	2018-06-16 02:12:15	Final! Everton cay√≥ en lanzamientos penales 5-4‚Ä¶ https://t.co/6BXDUHQr8q	Vi√±a del Mar
1007808042124136458	Rorroou	2018-06-16 02:12:16	Que paja la gente monotem√°tica que habla todo el d√≠a de nudes, sexo y drogas. No critico su estilo de vida, cada un‚Ä¶ https://t.co/CyQFHC2Tl2	√ëu√±oa
1007808047203446784	Nilton_Araya	2018-06-16 02:12:17	@luzperiodista Trabaj√© once a√±o en diario. Esa era la hora de salida todos los d√≠as...awuante el Periodismo!!! üí™üèæ	Copiap√≥
1007808056951033856	FranSolar	2018-06-16 02:12:19	Los espero ma√±ana en @Miskatonic_! üòéüéâ https://t.co/cg5KxPfdOg	Providencia
1007808069575892992	joseramosarce	2018-06-16 02:12:22	I'm at Lider in Iquique, Regi√≥n de Tarapac√° https://t.co/oLbZ7vQUoH	Iquique
1007808074114129925	mcrcastiramos	2018-06-16 02:12:23	#hayqueir huev√≥n, genial. D√≥nde est√° ubicado?  No lo cacho.	√ëu√±oa
1007808074562850816	veselkamoia	2018-06-16 02:12:23	@Mari66207160 @Carmen_muller @Skorpio50 @CapIvansotom Esa situaci√≥n tan callada no debiera prescribir, Y Quintana a‚Ä¶ https://t.co/kbbSAvlSX5	Vitacura
1007808075812745217	ixNN	2018-06-16 02:12:24	Cuando pase por ac√° pens√© que iba a terminar vomitando ü§Æ pero no üòÇ https://t.co/7Hkcg2k49G	Santiago
1007808081382830080	luis_memo88	2018-06-16 02:12:25	@FelipeZamora_83 excelente compadre	Temuco
1007808095446323200	michellenomasab	2018-06-16 02:12:28	"¬°H√âROES!!!!!!!!!
Jajajajajajaja jajajaj Jajajaja jajajajaja jajajaja https://t.co/s7HvC92WLm"	Las Condes
1007808100072673280	wester30	2018-06-16 02:12:29	@forestal_1967 Amigo m√≠o un abrazo enorme desde Rapa Nui ü§ó	Hanga Roa
1007808109073653760	martacarmen4	2018-06-16 02:12:32	lapoyo a la SELECCION ARGENTINA suerte a la albiceleste para el debut de ma√±ana frente a Islandia https://t.co/1abbFqWKIm	Talcahuano
1007808118443700226	patricio1000000	2018-06-16 02:12:34	No la hac√≠a tan policamente correcta a Mariana ( ese lado DC no ) https://t.co/pK19nOvkef	Puerto Montt
1007808135250300928	Luesgem	2018-06-16 02:12:38	#1ConsejoDeMiViejo el Burro hablando de orejas!	Las Condes
1007808170184585217	Jabyta	2018-06-16 02:12:46	@AyudaMovistarCL A√∫n estoy esperando una respuesta!!!!!!!!!!! üò°üò°üò°	Antofagasta
1007808174865428480	chrislomu	2018-06-16 02:12:47	Lo mas lindo de santiago es sentirse provinciano	Curic√≥
1007808175318470656	olelutz	2018-06-16 02:12:47	Sin sufrir no vale!!!! Muy bien por los j√≥venes, un grande Pancho Prieto #VamosCobresal #CopaChile	La Serena
1007808184000696321	PatagonaPazAmor	2018-06-16 02:12:49	@G_Simonetti Disculpa Gabi si uno va all√° est√° indicado? Se puede ir ?	Punta Arenas
1007808187955924992	BaettigGloria	2018-06-16 02:12:50	üëèüëèüëè qu√© bien, gracias por esta hermosa acci√≥n üôè https://t.co/qMifcKV1gW	Pirque
1007808196076072960	PatricioNovoa17	2018-06-16 02:12:52	@CNNChile üòöüôàüôàüôà	Olmu√©
1007808198135427072	DelaunoyEduardo	2018-06-16 02:12:53	@elchascas @Mackarena_C Usando la Palabra de Dios a su favor se hacen millonarios a costas de sus feligreses. Antes‚Ä¶ https://t.co/ItGRszFeXU	Maip√∫
1007808205853003782	JRArdiles	2018-06-16 02:12:55	GRANDE COBRESALüí™üòÑ	Las Condes
1007808226757398529	Andres001	2018-06-16 02:13:00	Lo que demuestra  lo debil que es. Y   tan fuerte que se sentia con sus columnas en el diario. NO TODO LO QUE BRILL‚Ä¶ https://t.co/VhoO4H7x3d	Santiago
1007808248806854657	paulinarrau	2018-06-16 02:13:05	https://t.co/NWDgoCRr9j	Vitacura
1007808267920306176	jorgeaedo	2018-06-16 02:13:09	Atencion #Copiap√≥ @CopiapoOficial quiero desmentir este aviso. No estar√© con mi #FiestaNumero1 por lo que se est√° u‚Ä¶ https://t.co/Rnhu0K23Lf	La Reina
1007808271514783744	JanisiMakeUp	2018-06-16 02:13:10	Topisima mi @vanessanoea #Repost @vanessanoea‚Ä¶ https://t.co/4A57qm0Oln	Santiago
1007808288539529217	fel_guerrero	2018-06-16 02:13:14	Qu√© tiro libre m√°s impecable de CRonaldo y #Rusia2018 reci√©n comienza ‚öΩ #WorldCup	Osorno
1007808303852900353	ValeLamaA	2018-06-16 02:13:18	Tengo carrete y ganas de acostarme. Que poco compatible	Las Condes
1007808333863178240	letewagon25	2018-06-16 02:13:25	Lucho ay√∫dame.. s√≥lo le dije q era bonita https://t.co/ZqSK41r6Nb	Copiap√≥
1007808345636417536	gpsnx990	2018-06-16 02:13:28	@lacuarta Se vienen tiempos mejores ü§´!	Puerto Varas
1007808347909885952	Ampi_13	2018-06-16 02:13:28	@rebereiss  https://t.co/n3Rhdw9MZf	Las Condes
1007808349914705921	MR_ENOJON	2018-06-16 02:13:29	Para voh ctm, qui√©n es chile?	Llanquihue
1007808352112533504	itaolivos	2018-06-16 02:13:29	Hoy Morphis se qued√≥ con las ganas, lo voy a enga√±ar con otra cita que me sali√≥ por ah√≠ #peli #pizzas #chocolates üòÉüòÉüòÉüòÉüòÉ	Las Condes
1007808356789125120	PilarRiedemann	2018-06-16 02:13:31	Me faltan caracteres https://t.co/jXjNkqkZYy	Puerto Varas
1007808364196388864	Bonilarra	2018-06-16 02:13:32	@el_dinamo Ahora los facultativos? Uufff...	Lo Barnechea
1007808365106515968	SilverThePiper	2018-06-16 02:13:33	@delfitaylor Ve The Witch wna!	Santiago
1007808374786969600	wastorga76	2018-06-16 02:13:35	@Leonavarrob Yo siempre supe que era aguatero izquierdo	Arica
1007808380885458944	andresbodoque	2018-06-16 02:13:36	Ojal√° pudieran Blind de H√©rcules and love affair en todas las discos del pa√≠s, es justo y necesario	Providencia
1007808390276571136	IgnacioMeza_	2018-06-16 02:13:39	@Barbaralicia_ Jajajaja mis fans ü§î	Talca
1007808393321549824	camposalarcon19	2018-06-16 02:13:39	"#LaIslaDeLaFantasia 
#13
#CaidaDeCarnet"	La Cisterna
1007808399772225537	AdrianFRG	2018-06-16 02:13:41	La noche capitalina üåÉ en Providencia, Chile https://t.co/L3nj3yOV9Y	Providencia
1007808412317569024	ALFONSOV09	2018-06-16 02:13:44	Viernes en la noche‚Ä¶ https://t.co/YGyHyc0BAU	Las Condes
1007808414813126656	joseglugom	2018-06-16 02:13:44	@monicacorrales üëèüèªüëèüèªüëèüèªüëèüèªüëèüèª	Las Condes
1007808450070482944	MariofLopez	2018-06-16 02:13:53	@belettapaula Por eso me caes muy bien. Inteligente.	Las Condes
1007808451102330880	pobrefernandita	2018-06-16 02:13:53	Viendo video loco #rec13	Conchal√≠
1007808453342105600	Ampi_13	2018-06-16 02:13:54	@paudundant pregunto pq es pa un trabajo de la u pauli	Las Condes
1007808454038376449	fotorockchile	2018-06-16 02:13:54	"Violoncello alem√°n de 124 a√±os üôèüèª.
Un Ludwig gl√∫vel de Mittewald. Imagen del episodio 11 de @HighFidelityMus, carga‚Ä¶ https://t.co/EgfHl8rHch"	Santiago
1007808461005115397	pattysando	2018-06-16 02:13:55	@carmenglom @Rodrik001 Jajaja jajaja tengo derecho a saber.	Rancagua
1007808471478292480	catibra	2018-06-16 02:13:58	Como puede un acad√©mico de su nivel decir algo as√≠ https://t.co/bpiXEZulHl	Vitacura
1007808472388390913	Anhiax	2018-06-16 02:13:58	"el nombre del grupo de wuazap de √©tica es ""trabajo de mierda"" ... para que se hagan una idea del sufrimiento que tenemos por culpa de eso"	La Florida
1007808477731880962	pmura77	2018-06-16 02:13:59	@RobertCarrascoG este es el central que viene??? Ahhh?? https://t.co/lDgGyv8WH1	Las Condes
1007808479099281409	jmoralessant	2018-06-16 02:14:00	@NicoleUrzuaA se ve muy rico üòã	Providencia
1007808500603457537	R_deOz	2018-06-16 02:14:05	"#NuevaFotoDePerfil
Mi nuevo compa√±ero 
Tommy https://t.co/noS6JYs3dl"	La Calera
1007808503468175370	fernandinho_gb	2018-06-16 02:14:06	@NaMuriel_PR Vi el 2do tiempo y estuvo bueno	Quillota
1007808508526460928	ximena_2	2018-06-16 02:14:07	Feliz viernes! üèäüèª‚Äç‚ôÄÔ∏è #autocuidado #relax #feliz‚Ä¶ https://t.co/68qZnif7X0	Olmu√©
1007808508102959104	avello_manuel	2018-06-16 02:14:07	Tengo sentimientos encontrados,soy del Vial,de @Fernandezvial ,soy quien defiende a muerte estos colores,a veces mu‚Ä¶ https://t.co/18spHDXRTE	Tom√©
1007808508467843073	lamejorchile	2018-06-16 02:14:07	@KarlaEnAccion Nos preguntan si vemos a un vecino haciendo asado es razon para denuncia?.. y donde denunciamos ?	Metropolitana de Santiago
1007808560166817792	layeguachucara	2018-06-16 02:14:19	@ESantelicesC @sebastianpinera @ceciperez1 @segegob @SaludAysen @ministeriosalud @latercera @aracelyleuquen‚Ä¶ https://t.co/MD47ULcq4o	Santiago
1007808577589964802	nigisella	2018-06-16 02:14:23	@leguleeella qu√© ser humano m√°s bello weona	Providencia
1007808593691856896	Adolfo93354281	2018-06-16 02:14:27	@valii_andrea Temazo de @LuisFonsi	Renca
1007808594253926402	LaCasadelSol	2018-06-16 02:14:27	Ma√±ana bailable salsero en #lacasadelsol‚Ä¶ https://t.co/m0BKCzM45C	Recoleta
1007808624037679106	relatoscomunes	2018-06-16 02:14:34	semana 3 de weona necesito saltar Kiwi en vivo una vez m√°s üíö #nolosupero	Arica
1007808626717876225	LilithChile	2018-06-16 02:14:35	@meanstoflourish  https://t.co/ldSfYFEDqi	Maule
1007808627158274048	____elizabetha	2018-06-16 02:14:35	@midwintergates Creo que eso me est√° pasando jajajajaja. Ech√°ndole toda la culpa a Twitter üòÖ	Vi√±a del Mar
1007808641217515520	Pefirsb	2018-06-16 02:14:38	Life ‚òÑÔ∏èü§∑üèª‚Äç‚ôÄÔ∏èüïã https://t.co/5syCgDCLwz	Providencia
1007808653615869953	FenomenoEkS	2018-06-16 02:14:41	https://t.co/rFNVRktSOX	Concepci√≥n
1007808666471366656	Maestranza_rest	2018-06-16 02:14:44	üçª Por fin es viernes!! Y todos sabemos que el‚Ä¶ https://t.co/RTwrAK8SxJ	Vitacura
1007808690718760960	itaolivos	2018-06-16 02:14:50	Tengo pegado dos reggaetones... lo siento, son mi debilid√°! üòç #hastaabajo #perreointenso	Las Condes
1007808692270583810	IgnacioMeza_	2018-06-16 02:14:51	@Barbaralicia_ Me har√© youtuber üòÇüòÇ	Talca
1007808693851774976	sgrobpla	2018-06-16 02:14:51	Hace fr√≠o? #Mayito en La Florida, Chile https://t.co/MVcWsr7At7	La Florida
1007808696435597312	ixNN	2018-06-16 02:14:52	#RojoTVN lider√≥ hoy entre las 19 y 21 horas con 10,3 puntos #Canal13 10,0 y #Mega 9,0 https://t.co/gZlMC8ySaM	Santiago
1007808703372726272	soylione	2018-06-16 02:14:53	Monta√±a... #swag #travel #world #chile #photo‚Ä¶ https://t.co/ZnKLELuh6c	Lo Barnechea
1007808737652936704	MariofLopez	2018-06-16 02:15:01	@macq1106 @pvientonorte @belettapaula Qu√© profundo Piteca.	Las Condes
1007808739783659520	Elena_sin_H	2018-06-16 02:15:02	Segundo d√≠a andando por ciclov√≠as y llegu√© a la conclusi√≥n que mientras la gente aqu√≠ no cambie el chip cultural, e‚Ä¶ https://t.co/LtwmZjqr3Z	La Florida
1007808750307233792	relatoscomunes	2018-06-16 02:15:04	@paraderramar ahora definitivo??? que habra pasado q apareci√≥ y despues li sacaron	Arica
1007808768304791552	CEPSIONLINE	2018-06-16 02:15:09	#üå† en CEPSI https://t.co/84aBL3Ii67	Santiago
1007808771559690241	luis_memo88	2018-06-16 02:15:09	@hermicorvalan @apoyopancholqh saludos amiga herminda un gran abrazo en esta fria noche ac√° en temuco ahii estaremo‚Ä¶ https://t.co/czh7mAHwFy	Temuco
1007808792619347970	farcedaroch	2018-06-16 02:15:14	@maylwino No le haga caso a un escritor de historia ficci√≥n, con su participaci√≥n en el gobierno usted pone sus con‚Ä¶ https://t.co/exTtP4Cr3M	Providencia
1007808796733960192	jorgeaedo	2018-06-16 02:15:15	Atencion #Copiap√≥ este aviso es falso. No estar√©‚Ä¶ https://t.co/HRTuF9e6zt	Copiap√≥
1007808804375990272	anfelmer	2018-06-16 02:15:17	@GiorgioJackson Yo tambi√©n! Impresionante!	Santiago
1007808805395189760	laCzky	2018-06-16 02:15:18	La calma y la paciencia deberian poder donarse	Macul
1007808811653128192	ServiuAraucania	2018-06-16 02:15:19	Buen fin de semana a tod@s! No olvides seguirnos en twitter @ServiuAraucania #ChileLoHacemosTodos https://t.co/pVbp9c6dr1	Carahue
1007808823992692737	pkfron86	2018-06-16 02:15:22	#argentina no tiene equipo para salir campeones del mundo, bast√≥ con ver a Portugal vs Espa√±a y listo.	Andacollo
1007808827629203456	martacarmen4	2018-06-16 02:15:23	@matizaldivia te amo mi rey bebe que tengas una buena pretemporada	Talcahuano
1007808828639936512	pipe_jaureguib	2018-06-16 02:15:23	@bdelamaza Ambos	Providencia
1007808832129650693	farmertrust	2018-06-16 02:15:24	https://t.co/Ibr578YvYC	Talca
1007808836995043334	ingnieria	2018-06-16 02:15:25	"https://t.co/Bkxv4xF60Y

Ademas, recordar que con este temita, de aquellos a√±os, metallica, por siempre  en mi cora‚Ä¶ https://t.co/rIyUmpZovA"	Chile
1007808848953069568	lunaverdejo	2018-06-16 02:15:28	2. Holand√©s. Antes quer√≠a saber franc√©s y alem√°n, pero despu√©s de estar en all√°, el holand√©s es el m√°s amable en cuanto a sus hablantes	Villa Alemana
1007808849078714368	carlaore2103	2018-06-16 02:15:28	Programaci√≥n D√≠a del Medio Ambiente Paine 16.06.2018 https://t.co/CqndM9vHAb	Paine
1007808878040485891	soalily	2018-06-16 02:15:35	@MissFtweets Entiendo a tu perra. Yo estoy a punto de jalarme uno para ver si me ayuda üò∑. https://t.co/FcqI7Tq1iu	Santiago
1007808886391361536	BaettigGloria	2018-06-16 02:15:37	@Ancorosa C√≥mo abandonar a ese üòçüòç, ojal√° encuentre una familia que lo quiera y proteja, bendiciones por cuidarlo üôè	Pirque
1007808888308191232	lvalenzuelac	2018-06-16 02:15:37	@TheCorpis Me conformo con que suban los requisitos de ingreso. Con la dieta actual es intolerable que los cargos l‚Ä¶ https://t.co/yMINBxxhCY	Las Condes
1007808890170470405	GaeboraKae	2018-06-16 02:15:38	@highbytheplaya Marico wtf?	Las Condes
1007808897825026049	DobleE_09	2018-06-16 02:15:40	Quality time with @riflitox https://t.co/aziQCwmK25	Santiago
1007808899724947456	Misandricx	2018-06-16 02:15:40	@ivaanMc Porque tienes que atacar? La UMag esta tomada por compa√±eras feministas.	Santiago
1007808908960980992	annel_19	2018-06-16 02:15:42	@Sports_VZLA @MLB Casi el maracucho  roba al de Punto Fijo y sin üî´üî´üî´	Curic√≥
1007808932293824512	PatricioNovoa17	2018-06-16 02:15:48	@CNNChile Para esa respuesta de juez considero que es una respuesta poco profesional	Olmu√©
1007808933447327744	Nilton_Araya	2018-06-16 02:15:48	ü§¶üèΩ‚Äç‚ôÇÔ∏è...que incre√≠ble e impresentable al mismo tiempo. https://t.co/I1WWRhq19n	Copiap√≥
1007808937155063809	PLbasoalto	2018-06-16 02:15:49	üî≠üåå https://t.co/QlOgCIZN6h	Talca
1007809574215278593	animalvega	2018-06-16 02:18:21	Jajajajaja.... @DonDateador wn... https://t.co/8cfYtarVcA	Puerto Montt
1007809579214868480	gobrarefro	2018-06-16 02:18:22	Quien sabe que fruta es esta? https://t.co/vPfMfnMXi1	La Florida
1007809581324603392	vjmaureen	2018-06-16 02:18:23	Feliz Cumplea√±os al #ProfesorRossa lo sigo de ni√±a #Sincensuramv @MurdockOficial me encantas, para un recital de Ir‚Ä¶ https://t.co/w2QM6pcuCu	Antofagasta
1007809594587078656	AlvarOasis	2018-06-16 02:18:26	@_soynicole Seeee üëåüèº	Maip√∫
1007809606003888129	EKarmyButto	2018-06-16 02:18:28	M√°s enredada que la Seremi Abnegada de Educaci√≥n ..., https://t.co/Qv8BHmg7Gj	La Reina
1007809608042340352	Elena_sin_H	2018-06-16 02:18:29	Qu√© clase de cosplay de la Claire Underwood es este csm JAJJSJSBSJAJAJAJAJKSK https://t.co/uoqZNWjazP	La Florida
1007809623716483075	marvaman	2018-06-16 02:18:33	@CNNChile Primero aceptemos las 3 causales, y dejemos que pasen los a√±os y se vea si ha actuado bien y ha cumplido‚Ä¶ https://t.co/MOwocsXczw	Puerto Montt
1007809636043456512	cayuwheel	2018-06-16 02:18:36	Donde compr√≥ el reloj polar m400???	Pudahuel
1007809648471216130	rodrigohse	2018-06-16 02:18:39	@biobio Que lamentable !!! https://t.co/bGNkFd2sL0	Iquique
1007809654666252289	PyPSublimacion	2018-06-16 02:18:40	#clientefeliz  con‚Ä¶ https://t.co/ypzVU05jSU	Maip√∫
1007809688166166529	Orgom	2018-06-16 02:18:48	"Star Wars Episodio VIII ""The Last Jedi""‚Ä¶ https://t.co/2sA04Y4dNh"	Laja
1007809690695290881	ES_XxCaRoLaxX	2018-06-16 02:18:49	@Alekz070 Yo safo de tener un Jack Jack üòå	Las Condes
1007809696013660160	franklings	2018-06-16 02:18:50	I'm at Aeropuerto Internacional Comodoro Arturo Merino Ben√≠tez (SCL) - @aeropuerto_scl in Pudahuel, Regi√≥n Metropol‚Ä¶ https://t.co/ljYxBhGpmf	Pudahuel
1007809700648439808	fgajardo	2018-06-16 02:18:51	@CoquiAngelica No, fue hace como dos a√±os atras, la Sra Volpato hacia de carabinera y Vadell de due√±o de fundo.	Colb√∫n
1007809703341117440	CmFelipe_434	2018-06-16 02:18:52	Momento de celebracion despues del gol de Canales üò≠üò≠üò≠üò≠ https://t.co/pgPWnMHOvL	Talagante
1007809721066237953	diexazo	2018-06-16 02:18:56	D√≠a del padre en la‚Ä¶ https://t.co/0E1cXcv9jt	Talca
1007809733967872000	ConnSalaberryOK	2018-06-16 02:18:59	Mi nueva pel√≠cula favorita es OCEAN 8. las amo con mi vida entera.	Santiago
1007809750686420992	farcedaroch	2018-06-16 02:19:03	@maylwino No le haga caso a un escritor de historia ficci√≥n, con su participaci√≥n en el gobierno usted pone sus con‚Ä¶ https://t.co/NP2TPVMHKt	Providencia
1007809758064185349	twittgusval	2018-06-16 02:19:05	@ahoranoticiasAN @bianchileiton @trovadordelgol_ Una pregunta,de Gea es espa√±ol? pensaba que era ingl√©s	Valdivia
1007809757976162305	IgnacioMeza_	2018-06-16 02:19:05	@lucilitingui No la arregl√≠ ahora jajaja	Talca
1007809760643731461	hnarbona	2018-06-16 02:19:05	Podr√≠a ser factible si el Estado organiza y administra reformatorios humanos, profesionales, sin Lucro,, de dignida‚Ä¶ https://t.co/1tYOnGx44P	Valpara√≠so
1007809779178332165	ruibeck_10	2018-06-16 02:19:10	No entiendo cu√°l es el af√°n de contratar a #Griezman . Es suficiente con lo que tenemos. Mejor reforzar otras l√≠neas #ForcaBarca	Santiago
1007809799554322432	mcrcastiramos	2018-06-16 02:19:15	#hayqueir Me encanta el centro de Santiago. Lejos lo mejor. Pero paso completamente con la Plaza de Armas. La √∫ltim‚Ä¶ https://t.co/xFBORedvtD	√ëu√±oa
1007809805669543936	PatoDelDesierto	2018-06-16 02:19:16	@MAISMIFE Y ud cu√°l es ? jajaja üòÑ	Antofagasta
1007809810430152704	TrendsChile	2018-06-16 02:19:17	"#2011 es ahora una tendencia en Chile

https://t.co/RJTEPHn3J1 https://t.co/iZVFjfHvcu"	Santiago
1007809815450660864	lamejorchile	2018-06-16 02:19:18	"@sichilena Se lo preguntamos a la Intendenta..
@KarlaEnAccion esperamos respuesta.."	Metropolitana de Santiago
1007809825131122689	nigisella	2018-06-16 02:19:21	Cabras, ma√±ana juegan los islandeses, daneses y croatas. Ojo.	Providencia
1007809852067008514	juanpablob	2018-06-16 02:19:27	üåü (at @CultoBar in Santiago, Santiago Metropolitan w/ @sibekay) https://t.co/ITg2qe4eEb	Santiago
1007809866159796224	rodolfodiazj1	2018-06-16 02:19:30	"@Maurici54123696 Un asesinato. De un inocente por ley. 
Ateo."	Recoleta
1007809882098229253	Ruben_Pena_C	2018-06-16 02:19:34	@MFranBF Como cu√°les.	San Felipe
1007809886510551040	WeitzCarlos	2018-06-16 02:19:35	@RetAndrea @LORETOPALMAPAEZ üòÇ	Marga-Marga
1007809890381979648	Nicolekxk	2018-06-16 02:19:36	Ejaleee ü•Éüçª (@ Botilleria sazie in Santiago) https://t.co/7rKidFhPis	Santiago
1007816549724499970	chelo_colomera	2018-06-16 02:46:04	Messi va a ver esa wea y se va a cagar entero! https://t.co/GeNQIfbnFi	Temuco
1007816556410175488	emmbcscr96	2018-06-16 02:46:06	@OasisFMChile @Cumparini @marcosimu @elwerne #EsaesmiParrilla porque hoy me desearon un feliz D√≠a del padre y eso n‚Ä¶ https://t.co/y9ZI0RbMBT	La Cisterna
1007816557500739584	RumboaPrimeraCL	2018-06-16 02:46:06	#TerceraB l #EFC 2-2 #FL hasta ahora en Conchal√≠ ,lo emptao el cuadro local a minutos del final .	Curacav√≠
1007816570826084352	ingnieria	2018-06-16 02:46:09	"https://t.co/WynnFQeEBl

Y LOVE YOU WOMAN, IN MY MIND, Y MY HEART..."	Chile
1007816584973422593	Felip_E4E	2018-06-16 02:46:12	@Anakin_77 No, pero no esta para llevarse el peso de la.2da rueda, como alternativa perfecto.	Vi√±a del Mar
1007816587838218241	Mari66207160	2018-06-16 02:46:13	Trabajaba como experto en prevencion de riesgos y porque le aplico  cese de funciones.... https://t.co/kxjkxY3fmv	Concepci√≥n
1007816593404030977	LibertadOssa	2018-06-16 02:46:14	#ElMejorRecuerdoConMiPap√° Es todo porque siempre fue el mejor, y lo amare eternamente, √©l me ense√±√≥ a leer, a ser p‚Ä¶ https://t.co/Jnc3BU0d5b	Santiago
1007816595513716736	mitzioantonio	2018-06-16 02:46:15	cu√°nto dar√≠a por gritarles nuestro amorüé∂	Iquique
1007816598978252800	caroheme73	2018-06-16 02:46:16	@mentiraslared Me he re√≠do mucho üòÇüòÇüòÇ	San Pedro de La Paz
1007816608465784832	PatagonaPazAmor	2018-06-16 02:46:18	"Se siguen sorprendiendo de esta pobre se√±ora.
Seg√∫n ella no es posible saber ""por qu√© hay nubes en el cielo y por q‚Ä¶ https://t.co/NoZhCrfKiw"	Punta Arenas
1007816621833048064	PatoDelDesierto	2018-06-16 02:46:21	@MAISMIFE Jajaja üòÑ üòòüòò	Antofagasta
1007816624655687680	LaSanteAnimale	2018-06-16 02:46:22	#MonchitoCat üòª regaloneando en‚Ä¶ https://t.co/JNbWjMNZWO	Macul
1007816640673796096	fgajardo	2018-06-16 02:46:26	@nparrao @catibra Pero en Quiangdao estan muy contentos...	Colb√∫n
1007816649850925056	voh_dalenomas	2018-06-16 02:46:28	@ManuelDTP cu√°l es la pel√≠cula del Leeds United. Hoy la nombraste y otros periodistas tambi√©n. Esta en Netflix?	Curic√≥
1007816660986851328	NeneAbt	2018-06-16 02:46:30	@TPRIETORADIO @Cooperativa @alairelibrecl Pero as√≠ fue de peligroso!!!!! Les cost√≥ el empate ese jueguito.	Las Condes
1007816670109487104	aliciapetermann	2018-06-16 02:46:33	Son enteros depravados y patudos https://t.co/ZWE1M3orbV	Valpara√≠so
1007816673657868288	mvgonzalezc	2018-06-16 02:46:33	Mi mam√° lleva hablando por tel√©fono dos horas‚Ä¶ ctm no s√© c√≥mo no le para la lengua	Hualp√©n
1007816705068994561	fernandinho_gb	2018-06-16 02:46:41	üòâ https://t.co/8rfk2U7EXj	Quillota
